model,condition,mean_err_db,rmse_db,mae_db,pct_within_3db,pct_within_5db,pct_within_10db
fspl_baseline,los,0.000000,0.000000,0.000000,1.000000,1.000000,1.000000
fspl_baseline,nlos,-0.001485,5.980004,4.773339,0.385948,0.596291,0.903491
3gpp_uma,los,-0.211453,0.397662,0.327559,1.000000,1.000000,1.000000
3gpp_uma,nlos,4.004317,8.130514,6.567295,0.278731,0.445847,0.774247
