{
  "input_files": [
    "D:\\\u4f4e\u7a7a\u94fe\u8def\u4fe1\u9053\u5efa\u6a21\\output\\run_big_links.npz"
  ],
  "dataset": {
    "samples": 31352,
    "bad_samples": 0,
    "distance_min": 50.56451669774093,
    "distance_max": 376.535287745023,
    "elevation_min": 6.521252554431641,
    "elevation_max": 76.75669750137037
  },
  "p_los_model": {
    "formula": "p=1/(1+a*exp(-b*(theta-c)))",
    "a": 10.261678765430146,
    "b": 0.04698083058303652,
    "c": 10.210766564522912,
    "bin_deg": 5.0,
    "rmse": 0.0339832800820155,
    "mae": 0.029954180947092207
  },
  "path_loss": {
    "los": {
      "n": 1.9999999999999996,
      "pl_d0_db": 40.045997020280765,
      "sigma_db": 8.926677150655647e-15,
      "rmse_db": 3.948817938491825e-14,
      "mae_db": 3.846596867600561e-14
    },
    "nlos": {
      "n": 2.0018874993826943,
      "pl_d0_db": 60.00503518277113,
      "sigma_db": 5.980002470998652,
      "rmse_db": 5.980002470998664,
      "mae_db": 4.773318565340371
    }
  },
  "global": {
    "los_ratio": 0.26728757336055115,
    "path_loss_mean_db": 98.96328651722332,
    "path_loss_std_db": 11.895045110721297,
    "rx_mean_dbm": -78.96328651722332,
    "rx_std_dbm": 11.895045110721297,
    "samples": 31352
  }
}