model,mode,rmse_all,mae_all,rmse_los,mae_los,rmse_nlos,mae_nlos,samples
fit_model,cond,5.118800,3.497470,0.000000,0.000000,5.980002,4.773319,31352
fspl,avg,17.869824,14.655981,0.000000,0.000000,20.876298,20.002364,31352
al_hourani_urban,avg,12.591670,9.786937,5.482028,3.518313,14.332655,12.073681,31352
al_hourani_urban,cond,5.144843,3.764773,1.000000,1.000000,5.980004,4.773339,31352
al_hourani_dense,avg,10.588967,8.340945,9.967462,7.882159,10.806793,8.508306,31352
al_hourani_dense,cond,5.785695,4.357638,1.600000,1.600000,6.689659,5.363602,31352
3gpp_uma,avg,12.010545,9.797274,6.579366,5.151404,13.456762,11.492050,31352
3gpp_uma,cond,9.532404,6.917886,0.397662,0.327559,11.133575,9.321984,31352
